,frame,age,gender,emotion,yaw,pitch,roll,face_id
0,6,27.0,male,happy,-11.324668884277344,-8.961523056030273,-25.021162033081055,0
1,7,39.0,male,happy,-7.765048027038574,-11.199068069458008,-24.248245239257812,0
2,8,21.0,female,happy,-14.246760368347168,13.98812484741211,-9.521099090576172,0
3,9,33.0,male,happy,-10.131196975708008,1.1103391647338867,-22.31270980834961,0
4,10,23.0,female,neutral,-6.831557273864746,18.05596160888672,-14.930278778076172,0
5,11,35.0,male,happy,5.848230361938477,-11.09774398803711,-16.918500900268555,0
6,12,35.0,male,happy,5.742421627044678,-10.848031044006348,-12.94765853881836,0
7,13,35.0,male,happy,1.6789143085479736,-18.94145393371582,-13.699002265930176,0
8,14,37.0,male,happy,11.484606742858887,-15.705360412597656,-8.58919620513916,0
9,15,36.0,male,happy,5.733389854431152,-17.934219360351562,-7.479503154754639,0
10,16,33.0,male,happy,6.927522659301758,-17.447307586669922,-2.41218900680542,0
11,17,36.0,male,happy,7.431185722351074,-20.564193725585938,-1.6699717044830322,0
12,18,39.0,male,happy,26.022541046142578,-2.7658913135528564,0.41424083709716797,0
13,19,35.0,male,happy,30.948055267333984,-2.655167579650879,3.7270097732543945,0
14,20,36.0,male,happy,37.739593505859375,2.0115699768066406,1.690272331237793,0
15,21,34.0,male,happy,37.853370666503906,4.963897705078125,2.123581886291504,0
16,22,38.0,male,happy,43.65138626098633,2.492222309112549,4.683107376098633,0
17,23,36.0,male,happy,44.95792770385742,9.905021667480469,4.973087310791016,0
18,24,41.0,male,happy,49.04326629638672,9.923605918884277,4.323665618896484,0
19,25,40.0,male,happy,48.143638610839844,18.11404800415039,2.9467897415161133,0
20,26,36.0,male,happy,50.74059295654297,16.121047973632812,3.567598342895508,0
21,27,38.0,male,happy,48.79176330566406,17.32276725769043,1.5567102432250977,0
22,28,38.0,male,happy,45.25941467285156,13.648796081542969,1.5933685302734375,0
23,29,40.0,male,happy,42.80430221557617,14.407054901123047,1.6132068634033203,0
24,30,41.0,male,happy,48.54835510253906,18.97349739074707,5.239706039428711,0
25,31,40.0,male,happy,46.933685302734375,16.978803634643555,3.776252269744873,0
26,32,42.0,male,happy,45.75881576538086,13.393255233764648,5.601665496826172,0
27,33,40.0,male,happy,54.622283935546875,17.845401763916016,7.473297119140625,0
28,34,40.0,male,happy,47.34764099121094,17.743541717529297,3.7576141357421875,0
29,35,41.0,male,happy,51.13798904418945,16.596351623535156,8.50960922241211,0
30,36,38.0,male,happy,53.258567810058594,19.200572967529297,7.293390274047852,0
31,37,41.0,male,happy,52.109596252441406,16.830810546875,6.6103315353393555,0
32,38,39.0,male,happy,59.50701904296875,17.298442840576172,8.60299301147461,0
33,39,41.0,male,happy,55.45266342163086,22.784360885620117,6.747922897338867,0
34,40,40.0,male,happy,56.97417449951172,22.561418533325195,4.852664947509766,0
35,41,42.0,male,happy,51.99448776245117,20.857254028320312,3.061587333679199,0
36,42,41.0,male,happy,45.632606506347656,22.118270874023438,1.5368375778198242,0
37,43,43.0,male,happy,48.10080337524414,19.660734176635742,1.1511468887329102,0
38,44,44.0,male,happy,44.96742248535156,19.070661544799805,3.160126209259033,0
39,45,43.0,male,happy,47.66142272949219,20.019336700439453,4.249098777770996,0
40,46,43.0,male,happy,52.295413970947266,10.23326587677002,4.401340484619141,0
41,47,42.0,male,happy,47.96294403076172,20.64344596862793,2.9301366806030273,0
42,48,40.0,male,happy,47.211463928222656,20.065635681152344,1.8897972106933594,0
43,49,36.0,male,happy,47.11473846435547,24.951486587524414,6.956639289855957,0
44,50,35.0,male,happy,41.06072998046875,25.841079711914062,4.436111927032471,0
45,51,33.0,male,happy,41.11046600341797,24.418344497680664,5.93086051940918,0
46,52,32.0,male,anger,27.52457618713379,25.2575626373291,2.584780693054199,0
47,53,31.0,male,anger,25.62051010131836,25.546287536621094,-1.8061209917068481,0
48,54,31.0,male,happy,26.240135192871094,29.217815399169922,0.463498592376709,0
49,55,31.0,male,happy,25.811676025390625,32.27293395996094,0.8672761917114258,0
50,56,29.0,male,happy,30.069095611572266,29.387622833251953,6.4839935302734375,0
51,57,31.0,male,happy,37.47789001464844,29.196693420410156,6.62174129486084,0
52,58,36.0,male,happy,25.7425537109375,29.274635314941406,2.8641390800476074,0
53,59,36.0,male,anger,24.973682403564453,30.672592163085938,4.526496410369873,0
54,60,37.0,male,happy,23.03972625732422,24.33432960510254,4.882513999938965,0
55,61,41.0,male,happy,31.688142776489258,24.44469451904297,6.956943511962891,0
56,62,40.0,male,happy,22.548160552978516,22.316789627075195,5.542452812194824,0
57,63,38.0,male,happy,26.522239685058594,25.077665328979492,5.297672271728516,0
58,64,40.0,male,happy,28.637981414794922,24.980194091796875,5.342616081237793,0
59,65,38.0,male,happy,21.191741943359375,24.788436889648438,5.926949501037598,0
60,66,42.0,male,happy,24.20796012878418,15.935976028442383,6.150230407714844,0
61,67,41.0,male,happy,29.653003692626953,18.614917755126953,7.81842041015625,0
62,68,39.0,male,happy,17.251237869262695,21.495750427246094,5.862591743469238,0
63,69,41.0,male,happy,23.202787399291992,22.22623062133789,3.948841094970703,0
64,70,43.0,male,happy,26.17586326599121,17.357524871826172,10.57911491394043,0
65,71,39.0,male,happy,20.11774444580078,23.15298080444336,8.62747859954834,0
66,72,41.0,male,happy,26.73780632019043,18.627620697021484,7.824254989624023,0
67,73,42.0,male,happy,20.384681701660156,18.538188934326172,5.624937057495117,0
68,74,42.0,male,happy,26.39348602294922,15.740777969360352,6.724054336547852,0
69,75,41.0,male,neutral,22.743972778320312,20.15355682373047,6.429895401000977,0
70,76,39.0,male,happy,21.945228576660156,18.792707443237305,9.419448852539062,0
71,77,42.0,male,happy,17.29248809814453,19.276287078857422,6.813351631164551,0
72,78,38.0,male,happy,17.986896514892578,18.9157657623291,8.082300186157227,0
73,79,40.0,male,happy,23.817970275878906,17.97152328491211,8.757657051086426,0
74,80,39.0,male,happy,12.849700927734375,20.120166778564453,3.1884565353393555,0
75,81,43.0,male,neutral,19.954418182373047,18.762672424316406,7.506406784057617,0
76,82,39.0,male,happy,19.529233932495117,19.33740234375,7.998813629150391,0
77,83,42.0,male,happy,16.857934951782227,20.6636962890625,5.8931989669799805,0
78,84,41.0,male,neutral,17.392227172851562,15.388788223266602,7.676992416381836,0
79,85,40.0,male,neutral,19.325206756591797,12.401247024536133,6.0081377029418945,0
80,86,36.0,male,happy,17.290908813476562,27.0007266998291,2.4381442070007324,0
81,87,41.0,male,happy,16.119951248168945,20.87905502319336,3.943228244781494,0
82,88,42.0,male,anger,12.797431945800781,24.195375442504883,0.00011229515075683594,0
83,89,43.0,male,neutral,17.29161262512207,19.81511116027832,5.961386680603027,0
84,90,44.0,male,happy,18.22728729248047,22.84504508972168,5.0303497314453125,0
85,91,42.0,male,neutral,14.037397384643555,18.27928352355957,5.749784469604492,0
86,92,40.0,male,neutral,17.364009857177734,22.306983947753906,4.615650177001953,0
87,93,43.0,male,neutral,19.755569458007812,15.573070526123047,7.121490478515625,0
88,94,42.0,male,neutral,19.701583862304688,18.93585777282715,5.222862243652344,0
89,95,42.0,male,neutral,18.41225814819336,18.818138122558594,5.695366859436035,0
90,96,44.0,male,neutral,13.092916488647461,21.166900634765625,4.048410892486572,0
91,97,41.0,male,neutral,17.749431610107422,20.774429321289062,5.284790992736816,0
92,98,39.0,male,anger,24.501832962036133,21.082426071166992,6.788374900817871,0
93,99,39.0,male,anger,21.10324478149414,24.589609146118164,1.3434791564941406,0
94,100,43.0,male,neutral,13.322077751159668,21.67087745666504,5.299562454223633,0
95,101,41.0,male,neutral,16.939136505126953,22.134750366210938,5.822231292724609,0
96,102,39.0,male,neutral,18.271808624267578,20.82012939453125,5.890262603759766,0
97,103,41.0,male,neutral,23.183303833007812,23.49412727355957,6.8356428146362305,0
98,104,40.0,male,anger,22.307048797607422,23.855899810791016,4.119330406188965,0
99,105,42.0,male,neutral,18.624618530273438,21.80759048461914,5.479090690612793,0
100,106,44.0,male,neutral,13.164175987243652,19.172019958496094,3.799849510192871,0
101,107,41.0,male,neutral,18.444934844970703,26.317718505859375,3.3109383583068848,0
102,108,44.0,male,happy,13.571680068969727,20.931913375854492,4.890567779541016,0
103,109,42.0,male,neutral,14.094565391540527,19.08833885192871,6.735202789306641,0
104,110,41.0,male,neutral,20.17510986328125,23.98604965209961,6.5739898681640625,0
105,111,41.0,male,neutral,15.838462829589844,24.14861297607422,4.618924140930176,0
106,112,36.0,male,neutral,19.831356048583984,22.94692611694336,2.9488487243652344,0
107,113,43.0,male,neutral,11.695322036743164,14.190696716308594,4.826298713684082,0
108,114,42.0,male,neutral,16.789209365844727,25.107383728027344,2.888615608215332,0
109,115,42.0,male,neutral,13.97038459777832,20.79930305480957,1.6948366165161133,0
110,116,40.0,male,anger,18.052644729614258,20.004011154174805,5.064311981201172,0
111,117,41.0,male,neutral,13.174274444580078,20.44902801513672,4.938682556152344,0
112,118,41.0,male,neutral,22.34239959716797,18.652114868164062,3.9930057525634766,0
113,119,43.0,male,neutral,12.98314094543457,20.97646713256836,4.7786455154418945,0
114,120,39.0,male,neutral,22.451976776123047,22.653453826904297,5.161466598510742,0
115,121,42.0,male,neutral,10.387537002563477,22.84947967529297,5.3747406005859375,0
116,122,42.0,male,happy,15.231287002563477,22.94074821472168,3.6715893745422363,0
117,123,40.0,male,happy,19.257476806640625,22.27654266357422,2.1712703704833984,0
118,124,41.0,male,neutral,13.537294387817383,18.97211456298828,6.207677841186523,0
119,125,40.0,male,happy,24.17270278930664,22.441482543945312,7.493019104003906,0
120,126,40.0,male,neutral,21.33814811706543,22.566997528076172,4.532280921936035,0
121,127,42.0,male,neutral,12.300111770629883,21.466297149658203,4.852212905883789,0
122,128,42.0,male,neutral,12.089794158935547,22.96357536315918,6.282621383666992,0
123,129,42.0,male,neutral,12.602285385131836,23.151031494140625,5.849279403686523,0
124,130,43.0,male,neutral,19.179325103759766,20.368797302246094,7.126125335693359,0
125,131,42.0,male,neutral,13.354991912841797,22.946924209594727,5.083135604858398,0
126,132,38.0,male,neutral,23.825397491455078,19.577974319458008,7.341875076293945,0
127,133,41.0,male,neutral,12.141260147094727,20.13092803955078,6.83332633972168,0
128,134,40.0,male,anger,19.073047637939453,22.138431549072266,6.371438980102539,0
129,135,38.0,male,anger,24.274730682373047,19.946428298950195,5.743612289428711,0
130,136,41.0,male,neutral,11.914003372192383,21.01349639892578,4.705352306365967,0
131,137,40.0,male,neutral,11.790861129760742,17.20146942138672,3.0822248458862305,0
132,138,38.0,male,neutral,26.448898315429688,18.962915420532227,8.497282028198242,0
133,139,40.0,male,neutral,24.924287796020508,15.209383010864258,7.822208404541016,0
134,140,43.0,male,neutral,7.559965133666992,17.13269805908203,7.46095085144043,0
135,141,41.0,male,neutral,10.15625,16.383377075195312,8.075241088867188,0
136,142,42.0,male,neutral,11.718938827514648,15.630012512207031,9.592244148254395,0
137,143,42.0,male,neutral,12.44800853729248,17.491191864013672,8.114992141723633,0
138,144,40.0,male,neutral,12.974419593811035,13.764225006103516,6.210727691650391,0
139,145,40.0,male,neutral,13.014659881591797,16.064773559570312,6.3423967361450195,0
140,146,42.0,male,neutral,8.265377044677734,15.66781997680664,5.751725196838379,0
141,147,41.0,male,neutral,14.448990821838379,14.913238525390625,6.901650428771973,0
142,148,42.0,male,neutral,9.030065536499023,13.118989944458008,5.613893508911133,0
143,149,42.0,male,neutral,11.074185371398926,14.78708267211914,6.642023086547852,0
144,150,39.0,male,neutral,19.59391212463379,14.889354705810547,8.083261489868164,0
145,151,39.0,male,neutral,10.660540580749512,11.024770736694336,6.755633354187012,0
146,152,39.0,male,neutral,20.699779510498047,18.70572853088379,8.893345832824707,0
147,153,41.0,male,neutral,15.079110145568848,9.950201034545898,7.559270858764648,0
148,154,38.0,male,anger,22.36899185180664,15.886173248291016,8.749969482421875,0
149,155,38.0,male,neutral,22.53821563720703,15.425207138061523,7.4816131591796875,0
150,156,38.0,male,neutral,21.706754684448242,18.53543472290039,8.087650299072266,0
151,157,38.0,male,neutral,20.030601501464844,15.626556396484375,5.234380722045898,0
152,158,38.0,male,neutral,21.32718276977539,17.081056594848633,7.444118499755859,0
153,159,40.0,male,anger,21.224857330322266,15.406688690185547,8.776426315307617,0
154,160,38.0,male,neutral,23.40516471862793,17.298534393310547,8.483779907226562,0
155,161,38.0,male,anger,22.491031646728516,17.85814666748047,7.228018760681152,0
156,162,41.0,male,neutral,11.386317253112793,11.351126670837402,8.277876853942871,0
157,163,35.0,male,happy,19.797950744628906,16.573467254638672,10.709665298461914,0
158,164,40.0,male,neutral,9.755518913269043,13.263381958007812,7.1758012771606445,0
159,165,38.0,male,anger,23.954591751098633,15.797130584716797,10.606466293334961,0
160,166,38.0,male,anger,23.56597900390625,16.867677688598633,9.56728744506836,0
161,167,38.0,male,neutral,19.264225006103516,18.837615966796875,7.707496643066406,0
162,168,40.0,male,neutral,8.548774719238281,11.632105827331543,6.784902572631836,0
163,169,38.0,male,neutral,3.4675393104553223,9.97400188446045,7.8311004638671875,0
164,170,37.0,male,anger,19.484403610229492,8.499055862426758,7.840545654296875,0
165,171,34.0,male,neutral,21.36773109436035,16.063203811645508,7.3854522705078125,0
166,172,40.0,male,neutral,23.647380828857422,16.67892837524414,8.297978401184082,0
167,173,38.0,male,neutral,21.081802368164062,14.254562377929688,6.428062438964844,0
168,174,38.0,male,neutral,22.118507385253906,14.371946334838867,7.681943893432617,0
169,175,39.0,male,anger,20.645004272460938,16.526931762695312,9.548221588134766,0
170,176,37.0,male,anger,21.28864288330078,14.312705993652344,9.182430267333984,0
171,177,39.0,male,neutral,20.844209671020508,12.26810073852539,8.692891120910645,0
172,178,42.0,male,happy,12.277397155761719,22.653230667114258,2.2516965866088867,0
173,179,40.0,male,neutral,12.18217658996582,20.4727783203125,2.2149901390075684,0
174,180,39.0,male,neutral,10.203380584716797,16.77943992614746,4.122018337249756,0
175,181,40.0,male,neutral,13.386102676391602,16.78655242919922,4.650652885437012,0
176,182,40.0,male,neutral,12.039539337158203,14.80514907836914,1.847510814666748,0
177,183,39.0,male,neutral,12.720643997192383,7.561749458312988,6.471961975097656,0
178,184,42.0,male,neutral,13.312868118286133,2.4104270935058594,9.12989616394043,0
179,185,42.0,male,neutral,18.893705368041992,-9.349662780761719,10.29139232635498,0
180,186,42.0,male,happy,23.52605628967285,-10.367444038391113,11.823342323303223,0
181,187,42.0,male,happy,20.869029998779297,-7.425313949584961,12.0315523147583,0
182,188,42.0,male,happy,23.272592544555664,-8.821601867675781,12.505786895751953,0
183,189,40.0,male,happy,19.93680191040039,-9.899762153625488,9.44052505493164,0
184,190,42.0,male,happy,22.364179611206055,-5.4965386390686035,10.614169120788574,0
185,191,41.0,male,happy,20.1790771484375,-7.396956443786621,11.30817699432373,0
186,192,40.0,male,happy,18.9254150390625,-10.002849578857422,11.100638389587402,0
187,193,40.0,male,happy,20.50043487548828,-10.864213943481445,9.325152397155762,0
188,194,40.0,male,happy,18.143016815185547,-13.474044799804688,7.562841415405273,0
189,195,42.0,male,happy,15.320945739746094,-12.875129699707031,7.785059928894043,0
190,196,42.0,male,neutral,10.374723434448242,-9.638248443603516,7.235797882080078,0
191,197,42.0,male,neutral,9.373523712158203,-6.178258419036865,8.663972854614258,0
192,198,42.0,male,neutral,11.722986221313477,-6.249089241027832,8.269552230834961,0
193,199,41.0,male,neutral,12.24267578125,-7.948916435241699,7.027509689331055,0
194,200,42.0,male,neutral,17.90827178955078,-3.450611114501953,10.529302597045898,0
195,201,41.0,male,neutral,13.327921867370605,-6.953852653503418,8.854744911193848,0
196,202,41.0,male,neutral,13.046636581420898,-9.227432250976562,10.287044525146484,0
197,203,41.0,male,neutral,22.406551361083984,-4.503993988037109,10.870552062988281,0
198,204,42.0,male,happy,12.855506896972656,-8.313287734985352,9.020703315734863,0
199,205,41.0,male,neutral,10.396965026855469,-9.975763320922852,9.564098358154297,0
200,206,41.0,male,neutral,19.297870635986328,-5.962179660797119,9.628373146057129,0
201,207,42.0,male,happy,17.676509857177734,-9.728994369506836,11.368846893310547,0
202,208,39.0,male,happy,7.370848655700684,-9.002273559570312,6.177581787109375,0
203,209,43.0,male,neutral,16.120899200439453,-8.358922958374023,10.320531845092773,0
204,210,40.0,male,neutral,14.38209342956543,-8.785224914550781,8.626360893249512,0
205,211,41.0,male,neutral,15.905338287353516,-7.955133438110352,10.557756423950195,0
206,212,42.0,male,neutral,12.331216812133789,-7.555774211883545,7.113955497741699,0
207,213,41.0,male,neutral,13.360603332519531,-12.787147521972656,6.502594947814941,0
208,214,42.0,male,neutral,11.801778793334961,-10.729607582092285,5.785801887512207,0
209,215,42.0,male,neutral,9.814842224121094,-9.631779670715332,6.60001277923584,0
210,216,41.0,male,neutral,12.613039016723633,-7.741608142852783,6.52359676361084,0
211,217,41.0,male,neutral,18.551939010620117,-7.737636566162109,10.176900863647461,0
212,218,41.0,male,happy,17.339012145996094,-7.707762241363525,8.819252014160156,0
213,219,41.0,male,neutral,17.124874114990234,-8.895538330078125,7.945004463195801,0
214,220,42.0,male,neutral,12.490260124206543,-10.32292366027832,7.403515815734863,0
215,221,40.0,male,neutral,11.742961883544922,-8.145721435546875,6.491359710693359,0
216,222,43.0,male,neutral,13.364070892333984,-8.680597305297852,5.498414993286133,0
217,223,42.0,male,neutral,13.536972999572754,-10.128301620483398,6.22329044342041,0
218,224,40.0,male,neutral,17.634490966796875,-7.706087112426758,6.306615829467773,0
219,225,41.0,male,neutral,12.792848587036133,-8.6194486618042,6.260790824890137,0
220,226,42.0,male,neutral,15.943704605102539,-7.637913227081299,8.091636657714844,0
221,227,42.0,male,neutral,17.365840911865234,-10.044692993164062,6.355111122131348,0
222,228,42.0,male,neutral,14.936344146728516,-5.21408748626709,5.882831573486328,0
223,229,42.0,male,neutral,14.227927207946777,-7.1205668449401855,6.84550666809082,0
224,230,42.0,male,neutral,10.700236320495605,-8.564651489257812,6.574801445007324,0
225,231,42.0,male,neutral,10.881507873535156,-7.220064163208008,4.4171552658081055,0
226,232,43.0,male,neutral,10.7890625,-10.1810302734375,5.08245849609375,0
227,233,40.0,male,neutral,4.101909637451172,-10.961982727050781,2.3888015747070312,0
228,234,41.0,male,neutral,13.105813980102539,-12.56183910369873,4.7199554443359375,0
229,235,42.0,male,neutral,14.060422897338867,-10.668357849121094,8.258888244628906,0
230,236,41.0,male,neutral,14.175785064697266,-13.337120056152344,7.771312713623047,0
231,237,40.0,male,neutral,7.057278633117676,-9.424637794494629,1.6359381675720215,0
232,238,40.0,male,neutral,10.863165855407715,-9.42413330078125,4.708340644836426,0
233,239,41.0,male,neutral,22.339448928833008,-7.703033924102783,9.260089874267578,0
234,240,41.0,male,neutral,9.727485656738281,-8.751667022705078,4.534315586090088,0
235,241,40.0,male,neutral,9.629711151123047,-8.229328155517578,5.115085601806641,0
236,242,39.0,male,neutral,8.385512351989746,-6.5835981369018555,3.579570770263672,0
237,243,40.0,male,neutral,8.893310546875,-5.902194976806641,5.171195983886719,0
238,244,39.0,male,neutral,14.601884841918945,-12.466836929321289,4.16496467590332,0
239,245,38.0,male,neutral,13.488033294677734,-9.965190887451172,4.595772743225098,0
240,246,41.0,male,neutral,8.770769119262695,-12.632881164550781,1.0802173614501953,0
241,247,41.0,male,neutral,17.020751953125,-8.38939094543457,3.3397159576416016,0
242,248,42.0,male,neutral,15.432432174682617,-9.817948341369629,2.7482852935791016,0
243,249,41.0,male,neutral,13.778797149658203,-9.485143661499023,3.9708123207092285,0
244,250,42.0,male,neutral,11.176164627075195,-10.660188674926758,0.7998387813568115,0
245,251,40.0,male,neutral,18.35955238342285,-2.535804271697998,6.217826843261719,0
246,252,41.0,male,neutral,19.72844123840332,-7.051448822021484,5.218875885009766,0
247,253,43.0,male,anger,12.462066650390625,-8.589432716369629,1.9490456581115723,0
248,254,41.0,male,neutral,9.055621147155762,-9.574821472167969,-1.1804375648498535,0
249,255,41.0,male,neutral,5.427033424377441,-12.2224760055542,-2.457524538040161,0
250,256,41.0,male,neutral,10.532689094543457,-7.643082141876221,2.2049365043640137,0
251,257,42.0,male,neutral,8.226133346557617,-5.784496784210205,2.753938674926758,0
252,258,41.0,male,neutral,3.8693923950195312,-3.1151418685913086,3.309563159942627,0
253,259,40.0,male,anger,12.031045913696289,-11.488431930541992,0.19906282424926758,0
254,260,38.0,male,neutral,9.558736801147461,-5.645132541656494,5.380830764770508,0
255,261,41.0,male,neutral,16.352128982543945,0.2935760021209717,5.299890518188477,0
256,262,42.0,male,neutral,12.741228103637695,-0.2024059295654297,9.53537368774414,0
257,263,42.0,male,neutral,9.25528335571289,-3.7732338905334473,8.965143203735352,0
258,264,43.0,male,neutral,11.547056198120117,-5.666397571563721,8.079333305358887,0
259,265,42.0,male,neutral,6.310187339782715,-3.4069199562072754,5.44990348815918,0
260,266,40.0,male,neutral,1.684283971786499,-5.41815185546875,3.3347396850585938,0
261,267,38.0,male,neutral,2.5181026458740234,-5.664084434509277,2.899153709411621,0
262,268,40.0,male,neutral,2.2120819091796875,-4.244836807250977,4.83642578125,0
263,269,39.0,male,neutral,0.23167622089385986,-4.188936233520508,5.192014694213867,0
264,270,39.0,male,neutral,-0.5885776281356812,-4.184515953063965,5.077182769775391,0
265,271,40.0,male,neutral,-2.8412818908691406,-5.965733528137207,4.752353668212891,0
266,272,41.0,male,neutral,-5.646226406097412,-2.344660997390747,4.63120174407959,0
267,273,39.0,male,neutral,1.0776519775390625,-2.803426742553711,2.510354995727539,0
268,274,41.0,male,neutral,-6.7514142990112305,-4.121425628662109,1.3525757789611816,0
269,275,39.0,male,neutral,-4.5716447830200195,-1.2989168167114258,5.696303367614746,0
270,276,40.0,male,neutral,-5.513840198516846,-4.494068145751953,3.325100898742676,0
271,277,41.0,male,neutral,-4.324769020080566,-5.553981304168701,2.8713417053222656,0
272,278,39.0,male,neutral,-6.4573564529418945,-7.602906227111816,1.6619396209716797,0
273,279,38.0,male,neutral,-0.4981560707092285,-8.150337219238281,1.8841767311096191,0
274,280,39.0,male,neutral,1.9327149391174316,-8.1615629196167,2.079159736633301,0
275,281,41.0,male,neutral,-7.456543922424316,-7.1613054275512695,2.3409581184387207,0
276,282,39.0,male,neutral,-6.074806213378906,-8.429121017456055,2.471452236175537,0
277,283,40.0,male,neutral,-2.8634817600250244,-5.232823371887207,3.467752456665039,0
278,284,41.0,male,neutral,-2.8931493759155273,-5.652867794036865,7.716085433959961,0
279,285,39.0,male,neutral,-0.011416018009185791,-5.851316452026367,5.495535850524902,0
280,286,39.0,male,neutral,5.401834487915039,-5.610894680023193,5.1815290451049805,0
281,287,41.0,male,neutral,1.869045615196228,-6.140703201293945,5.782576560974121,0
282,288,40.0,male,neutral,2.086515188217163,-7.8624091148376465,4.640761375427246,0
283,289,41.0,male,neutral,0.8436686992645264,-8.15962028503418,2.5864477157592773,0
284,290,42.0,male,neutral,1.1594135761260986,-7.955446243286133,3.9947710037231445,0
285,291,43.0,male,neutral,1.2392570972442627,-8.210952758789062,4.532026290893555,0
286,292,43.0,male,neutral,4.479135990142822,-7.318183898925781,5.545838356018066,0
287,293,42.0,male,neutral,-3.0349016189575195,-8.625277519226074,4.34956693649292,0
288,294,42.0,male,neutral,-3.1608128547668457,-10.510223388671875,4.7740044593811035,0
289,295,42.0,male,neutral,-5.749929428100586,-7.555407524108887,4.555628776550293,0
290,296,43.0,male,neutral,-0.7702736854553223,-6.892810821533203,4.227319717407227,0
291,297,43.0,male,neutral,0.059774160385131836,-9.004558563232422,6.40339469909668,0
292,298,43.0,male,neutral,-0.6611608266830444,-6.491815567016602,6.532514572143555,0
293,299,43.0,male,neutral,2.0123679637908936,-5.2057390213012695,7.883647918701172,0
294,300,42.0,male,neutral,2.6417198181152344,-5.507420539855957,8.279047012329102,0
295,301,43.0,male,neutral,-1.767897367477417,-3.305398464202881,9.350499153137207,0
296,302,43.0,male,neutral,-4.837611198425293,-4.680263996124268,8.011857986450195,0
297,303,41.0,male,neutral,-0.053431808948516846,-4.236545085906982,5.4124555587768555,0
298,304,43.0,male,neutral,5.012043476104736,-5.282780647277832,6.989599227905273,0
299,305,43.0,male,neutral,2.689920425415039,-6.960309982299805,7.5135650634765625,0
300,306,43.0,male,neutral,0.3898371458053589,-6.955496788024902,7.4193878173828125,0
301,307,40.0,male,neutral,0.9089272022247314,-5.923023700714111,6.304924011230469,0
302,308,41.0,male,neutral,1.9508291482925415,-7.397846221923828,6.25705623626709,0
303,309,42.0,male,neutral,2.86660099029541,-6.957681655883789,5.528827667236328,0
304,310,41.0,male,neutral,-1.4398491382598877,-3.448748826980591,6.961936950683594,0
305,311,41.0,male,neutral,-0.4702397584915161,-6.490852355957031,5.916155815124512,0
306,312,42.0,male,neutral,-3.932699203491211,-4.798454284667969,4.592922210693359,0
307,313,43.0,male,neutral,-2.9103214740753174,-8.589351654052734,3.9253273010253906,0
308,314,42.0,male,neutral,-1.4193291664123535,-7.275856018066406,5.408628463745117,0
309,315,42.0,male,neutral,-4.334123611450195,-8.085086822509766,2.332400321960449,0
310,316,40.0,male,neutral,-4.694620132446289,-10.383338928222656,4.45939302444458,0
311,317,43.0,male,neutral,-1.0433390140533447,-7.139036178588867,3.0719494819641113,0
312,318,42.0,male,neutral,-3.2029850482940674,-9.238219261169434,3.4091291427612305,0
313,319,43.0,male,happy,-3.8108787536621094,-6.586824893951416,6.388885498046875,0
314,320,44.0,male,neutral,-8.419580459594727,-6.735198974609375,5.51768684387207,0
315,321,43.0,male,happy,0.4016661047935486,-0.6741509437561035,7.489901542663574,0
316,322,41.0,male,happy,-9.26919937133789,-9.793155670166016,5.395120620727539,0
317,323,42.0,male,happy,-7.101015090942383,-3.8543667793273926,8.957534790039062,0
318,324,42.0,male,happy,-6.054753303527832,-3.293468713760376,7.582584381103516,0
319,325,43.0,male,happy,-3.848888397216797,-2.7142820358276367,6.970056533813477,0
320,326,42.0,male,happy,-14.595840454101562,-2.4715399742126465,8.16622257232666,0
321,327,42.0,male,happy,-3.2910077571868896,-8.582715034484863,4.479203224182129,0
322,328,43.0,male,happy,-7.912731170654297,-6.542240142822266,7.523120880126953,0
323,329,42.0,male,happy,-7.662782669067383,-5.13734245300293,6.961454391479492,0
324,330,43.0,male,neutral,-0.9091407060623169,-5.769227027893066,6.019956588745117,0
325,331,42.0,male,neutral,-3.0149879455566406,-6.076967239379883,2.94724178314209,0
326,332,42.0,male,happy,-0.01319432258605957,-2.8927114009857178,5.425725936889648,0
327,333,42.0,male,neutral,-2.338592529296875,-8.652807235717773,3.706620216369629,0
328,334,42.0,male,neutral,-0.30843353271484375,-9.204991340637207,2.7303075790405273,0
329,335,42.0,male,neutral,-1.2955336570739746,-4.955765247344971,6.287940979003906,0
330,336,43.0,male,neutral,1.8162040710449219,-2.654902935028076,6.555084228515625,0
331,337,42.0,male,neutral,0.0046689510345458984,-6.263361930847168,5.32061767578125,0
332,338,42.0,male,neutral,-1.6524848937988281,-2.798164129257202,4.1575822830200195,0
333,339,42.0,male,neutral,0.8657748103141785,-5.405270576477051,4.790668964385986,0
334,340,42.0,male,neutral,2.224478006362915,-3.4921019077301025,8.600820541381836,0
335,341,42.0,male,neutral,-2.912301540374756,-5.146605968475342,6.52581787109375,0
336,342,41.0,male,neutral,2.0700109004974365,-5.447660446166992,7.0137786865234375,0
337,343,42.0,male,neutral,-3.222313165664673,-2.964364767074585,6.668935775756836,0
338,344,40.0,male,neutral,4.729832649230957,-4.507696151733398,4.519394397735596,0
339,345,40.0,male,neutral,7.523776531219482,-5.818836212158203,6.077594757080078,0
340,346,41.0,male,happy,1.3913755416870117,-5.88369083404541,4.942775726318359,0
341,347,41.0,male,happy,8.379375457763672,-2.4426400661468506,8.702032089233398,0
342,348,40.0,male,happy,1.6618024110794067,-7.2895307540893555,5.175975799560547,0
343,349,40.0,male,happy,3.8600120544433594,-6.421164512634277,6.057655334472656,0
344,350,41.0,male,happy,2.9811668395996094,0.21494364738464355,5.3514299392700195,0
345,351,42.0,male,neutral,2.9126434326171875,-6.189819812774658,8.285357475280762,0
346,352,41.0,male,neutral,5.098843574523926,-1.246046543121338,7.810713768005371,0
347,353,42.0,male,neutral,3.8268651962280273,-1.7771408557891846,7.219501495361328,0
348,354,42.0,male,neutral,5.205056190490723,-3.5866432189941406,8.070560455322266,0
349,355,42.0,male,neutral,-1.3578310012817383,-0.89056396484375,6.641674041748047,0
350,356,43.0,male,neutral,-2.147090196609497,-0.4418754577636719,5.673591613769531,0
351,357,42.0,male,neutral,0.5268615484237671,-2.6860742568969727,7.477872848510742,0
352,358,42.0,male,neutral,-5.786385536193848,-1.6965487003326416,4.2292962074279785,0
353,359,40.0,male,neutral,-2.877579927444458,-2.1365745067596436,6.142412185668945,0
354,360,40.0,male,neutral,-2.434067964553833,-3.1278858184814453,6.472311019897461,0
355,361,41.0,male,neutral,5.390378952026367,-0.8835787773132324,7.864288330078125,0
356,362,42.0,male,neutral,0.39193063974380493,-6.760918140411377,4.990575790405273,0
357,363,41.0,male,neutral,2.595846176147461,-4.684157371520996,6.397735595703125,0
358,364,41.0,male,happy,9.623104095458984,1.7927613258361816,7.397163391113281,0
359,365,41.0,male,neutral,2.951582908630371,-7.5797600746154785,5.210928916931152,0
360,366,41.0,male,neutral,-0.1345001459121704,-0.8628273010253906,5.317684173583984,0
361,367,42.0,male,neutral,2.3471946716308594,1.588902473449707,8.907780647277832,0
362,368,41.0,male,neutral,-3.7828807830810547,1.2689480781555176,7.646350860595703,0
363,369,44.0,male,neutral,8.780149459838867,-4.436038017272949,7.591240882873535,0
364,370,43.0,male,neutral,1.4909064769744873,-1.4255421161651611,6.476343154907227,0
365,371,44.0,male,neutral,8.671197891235352,-2.0768539905548096,9.438667297363281,0
366,372,40.0,male,neutral,6.350051403045654,-0.5710358619689941,2.476187229156494,0
367,373,43.0,male,neutral,4.703425407409668,-1.3422651290893555,8.875198364257812,0
368,374,42.0,male,neutral,3.38102126121521,-4.374344825744629,2.9697113037109375,0
369,375,43.0,male,neutral,1.7831339836120605,-5.934462547302246,6.9500322341918945,0
370,376,41.0,male,neutral,10.401996612548828,-5.834566593170166,1.7019596099853516,0
371,377,43.0,male,neutral,6.2975664138793945,-5.454646587371826,8.273012161254883,0
372,378,41.0,male,neutral,-1.402083396911621,1.1032328605651855,4.783473968505859,0
373,379,41.0,male,neutral,0.06546711921691895,-2.453993082046509,5.183014869689941,0
374,380,39.0,male,neutral,5.931684494018555,0.3393106460571289,6.433584213256836,0
375,381,39.0,male,neutral,3.8586952686309814,-4.4147539138793945,5.396336555480957,0
376,382,40.0,male,neutral,9.866854667663574,-3.5934548377990723,5.531072616577148,0
377,383,40.0,male,neutral,3.131086826324463,-5.354717254638672,4.608321189880371,0
378,384,42.0,male,neutral,7.234201431274414,-2.283555507659912,8.29677963256836,0
379,385,43.0,male,neutral,4.160070419311523,0.1723785400390625,8.40339183807373,0
380,386,43.0,male,neutral,3.8270952701568604,-9.034187316894531,7.1221923828125,0
381,387,43.0,male,neutral,5.33449649810791,-6.782273292541504,7.316287994384766,0
382,388,43.0,male,neutral,1.3760244846343994,-9.030776977539062,5.69956111907959,0
383,389,43.0,male,neutral,9.34044361114502,-2.6774563789367676,8.632566452026367,0
384,390,43.0,male,neutral,7.067811012268066,-5.02976655960083,8.06842041015625,0
385,391,43.0,male,neutral,4.818543434143066,-3.752573013305664,6.961494445800781,0
386,392,42.0,male,neutral,2.9914190769195557,-4.109167098999023,6.170633316040039,0
387,393,43.0,male,neutral,4.251152992248535,-6.720391750335693,7.143851280212402,0
388,394,43.0,male,neutral,4.959639549255371,-1.4476792812347412,7.866430282592773,0
389,395,42.0,male,neutral,5.954013347625732,-5.950469970703125,7.962315559387207,0
390,396,43.0,male,neutral,5.976837635040283,-4.228687763214111,8.551834106445312,0
391,397,44.0,male,neutral,5.874185085296631,-8.20101547241211,8.266839027404785,0
392,398,42.0,male,neutral,10.918086051940918,-4.772443771362305,7.394426345825195,0
393,399,44.0,male,neutral,5.827666282653809,-6.94360876083374,6.583257675170898,0
394,400,42.0,male,neutral,1.6079938411712646,-3.6688008308410645,8.692361831665039,0
395,401,41.0,male,neutral,2.947678327560425,-4.317394256591797,8.299983024597168,0
396,402,40.0,male,neutral,-2.173412322998047,-2.1348764896392822,4.978731155395508,0
397,403,41.0,male,neutral,0.5524044632911682,-3.7274527549743652,3.7374210357666016,0
398,404,39.0,male,neutral,6.816449165344238,-5.935488224029541,8.186485290527344,0
399,405,42.0,male,neutral,2.401566505432129,-2.070323944091797,8.789989471435547,0
400,406,39.0,male,neutral,0.028866171836853027,-8.211023330688477,3.282741069793701,0
401,407,42.0,male,neutral,5.608493328094482,-3.4047186374664307,4.881982803344727,0
402,408,42.0,male,neutral,5.391294002532959,-3.6836228370666504,5.199516296386719,0
403,409,40.0,male,neutral,3.8855490684509277,-2.7739126682281494,4.138005256652832,0
404,410,43.0,male,neutral,6.622734069824219,-6.01409912109375,9.321240425109863,0
405,411,40.0,male,neutral,2.259155750274658,-4.674105167388916,7.927343368530273,0
406,412,42.0,male,neutral,4.975785732269287,-2.799960136413574,10.262927055358887,0
407,413,40.0,male,neutral,-1.6766576766967773,-7.6636962890625,2.920964241027832,0
408,414,42.0,male,neutral,3.8866090774536133,-1.331575632095337,8.263940811157227,0
409,415,42.0,male,neutral,-0.2526875138282776,-4.5546040534973145,8.072521209716797,0
410,416,40.0,male,neutral,-0.33622127771377563,-3.2132420539855957,10.433126449584961,0
411,417,41.0,male,neutral,4.8452043533325195,-4.3579559326171875,8.808361053466797,0
412,418,40.0,male,neutral,-3.539699077606201,-5.207268238067627,7.821046829223633,0
413,419,41.0,male,neutral,-4.335651874542236,-4.623575210571289,5.420001029968262,0
414,420,40.0,male,neutral,2.0105948448181152,-4.754273414611816,5.384129524230957,0
415,421,42.0,male,neutral,5.272590637207031,-4.16450309753418,10.43202018737793,0
416,422,40.0,male,neutral,-2.8173985481262207,-3.1963248252868652,3.565734386444092,0
417,423,42.0,male,neutral,2.7455801963806152,-2.420433282852173,9.750144958496094,0
418,424,41.0,male,neutral,3.542492151260376,-3.5803308486938477,9.960823059082031,0
419,425,43.0,male,neutral,3.19655704498291,-5.635896682739258,8.378311157226562,0
420,426,40.0,male,neutral,-4.094061374664307,-6.119673728942871,6.894886016845703,0
421,427,43.0,male,neutral,-0.42845237255096436,-4.651376724243164,9.215958595275879,0
422,428,42.0,male,neutral,2.5325028896331787,-4.6236467361450195,8.1553955078125,0
423,429,39.0,male,neutral,-0.07843458652496338,-6.495654106140137,3.7282490730285645,0
424,430,40.0,male,neutral,-5.2977447509765625,-3.6669089794158936,6.103489875793457,0
425,431,42.0,male,neutral,1.2050435543060303,-4.349055767059326,8.000100135803223,0
426,432,40.0,male,neutral,-4.134698867797852,-2.2374496459960938,8.150908470153809,0
427,433,42.0,male,neutral,3.232717514038086,-3.8520452976226807,8.788890838623047,0
428,434,39.0,male,neutral,6.836982727050781,-7.000030040740967,5.614571571350098,0
429,435,38.0,male,neutral,0.6260415315628052,-7.944988250732422,5.242250442504883,0
430,436,40.0,male,neutral,-1.264655590057373,-5.3988189697265625,3.5857715606689453,0
431,437,39.0,male,neutral,5.465956211090088,-7.693155765533447,6.015098571777344,0
432,438,40.0,male,neutral,6.033473491668701,-4.219883441925049,7.545353889465332,0
433,439,42.0,male,neutral,1.707674503326416,-5.577638626098633,8.249019622802734,0
434,440,40.0,male,neutral,5.48908805847168,-10.390518188476562,5.579288482666016,0
435,441,38.0,male,neutral,3.9400980472564697,-4.3450798988342285,6.102301597595215,0
436,442,39.0,male,neutral,3.60636568069458,-8.116131782531738,5.186840057373047,0
437,443,37.0,male,neutral,2.4100561141967773,-4.273382186889648,5.607784271240234,0
438,444,39.0,male,neutral,4.354316711425781,-9.292673110961914,4.634077072143555,0
439,445,41.0,male,neutral,7.7396416664123535,-3.7525525093078613,7.53726863861084,0
440,446,39.0,male,neutral,10.656858444213867,-5.963351726531982,7.870354652404785,0
441,447,37.0,male,anger,3.7320213317871094,-9.804719924926758,4.586811065673828,0
442,448,39.0,male,anger,7.397791862487793,-7.846834182739258,6.289685249328613,0
443,449,39.0,male,neutral,2.9663867950439453,-7.17570161819458,5.017186164855957,0
444,450,38.0,male,neutral,10.950238227844238,-2.9669253826141357,8.146974563598633,0
445,451,41.0,male,neutral,10.942581176757812,-6.465851783752441,7.255405426025391,0
446,452,40.0,male,neutral,11.523160934448242,-6.713823318481445,5.812426567077637,0
447,453,40.0,male,neutral,7.624666690826416,-7.199869155883789,6.895965576171875,0
448,454,39.0,male,anger,6.285408020019531,-5.434189796447754,7.630651473999023,0
449,455,42.0,male,neutral,11.72464370727539,-6.57276725769043,4.251048564910889,0
450,456,41.0,male,neutral,11.172204971313477,-7.001378059387207,6.053403854370117,0
451,457,41.0,male,neutral,10.30266284942627,-8.93128490447998,4.088001251220703,0
452,458,43.0,male,neutral,1.7484967708587646,-6.30901575088501,4.607598304748535,0
453,459,41.0,male,neutral,4.891822814941406,-2.8026537895202637,6.577893257141113,0
454,460,43.0,male,neutral,3.582476854324341,-5.2418365478515625,5.430671691894531,0
455,461,37.0,male,happy,-1.2457395792007446,0.1830275058746338,2.3128156661987305,0
456,462,42.0,male,happy,1.2744296789169312,-2.686221122741699,4.157050132751465,0
457,463,42.0,male,neutral,10.43258285522461,-3.5735597610473633,5.579771041870117,0
458,464,44.0,male,happy,13.278593063354492,-5.656814098358154,7.5584821701049805,0
459,465,43.0,male,neutral,9.834380149841309,-8.35922908782959,7.732613563537598,0
460,466,45.0,male,neutral,15.676095008850098,-10.23904800415039,9.099864959716797,0
461,467,44.0,male,neutral,11.833830833435059,-8.783238410949707,6.86190128326416,0
462,468,43.0,male,neutral,8.59066104888916,-7.96165132522583,8.241004943847656,0
463,469,42.0,male,neutral,15.433757781982422,-6.341620445251465,9.253475189208984,0
464,470,42.0,male,happy,7.489978790283203,-3.9153780937194824,4.506391525268555,0
465,471,43.0,male,neutral,14.64094352722168,-9.700155258178711,7.371870040893555,0
466,472,39.0,male,happy,11.302610397338867,-3.5230441093444824,7.854118347167969,0
467,473,43.0,male,happy,17.358741760253906,-4.453763961791992,6.458127975463867,0
468,474,41.0,male,happy,12.409881591796875,-7.28947114944458,7.874732971191406,0
469,475,43.0,male,happy,14.380319595336914,-6.357224464416504,7.5367326736450195,0
470,476,40.0,male,happy,15.414231300354004,-2.342724323272705,5.492579460144043,0
471,477,43.0,male,happy,16.855356216430664,-1.9627392292022705,5.7100372314453125,0
472,478,43.0,male,happy,11.192941665649414,-1.662057876586914,6.539706230163574,0
473,479,41.0,male,happy,9.901470184326172,-0.5569415092468262,7.8675947189331055,0
474,480,42.0,male,happy,8.461703300476074,-1.0415916442871094,4.938678741455078,0
475,481,40.0,male,happy,4.077775001525879,0.6825485229492188,1.4470930099487305,0
476,482,38.0,male,happy,3.8061723709106445,-4.088967323303223,4.012917518615723,0
477,483,42.0,male,neutral,7.120893478393555,-2.781325340270996,6.464369773864746,0
478,484,41.0,male,neutral,5.773484230041504,-3.579350471496582,5.815725326538086,0
479,485,43.0,male,happy,8.522723197937012,-5.990137100219727,5.374517440795898,0
480,486,42.0,male,neutral,10.591466903686523,-5.149994373321533,7.12483024597168,0
481,487,42.0,male,neutral,6.7866950035095215,-5.743010997772217,6.641242027282715,0
482,488,40.0,male,neutral,6.953859329223633,-6.622918128967285,4.328620433807373,0
483,489,37.0,male,happy,8.793574333190918,-2.0246191024780273,4.4359450340271,0
484,490,37.0,male,neutral,7.366180419921875,-1.133962631225586,4.683437347412109,0
485,491,40.0,male,neutral,5.24638557434082,-3.9795544147491455,3.640292167663574,0
486,492,38.0,male,happy,7.405030250549316,-2.304544448852539,2.3739938735961914,0
487,493,38.0,male,happy,7.132140159606934,-4.2679219245910645,1.9966812133789062,0
488,494,42.0,male,neutral,2.563150644302368,-12.203717231750488,3.39096736907959,0
489,495,40.0,male,neutral,2.1735939979553223,-7.076473236083984,3.4650444984436035,0
490,496,39.0,male,neutral,2.812894344329834,-4.686473846435547,3.6843957901000977,0
491,497,39.0,male,neutral,3.59738826751709,-10.459092140197754,3.5254454612731934,0
492,498,38.0,male,happy,3.1868224143981934,-7.19447135925293,3.4864649772644043,0
493,499,41.0,male,happy,3.499772310256958,-2.4206087589263916,3.514738082885742,0
494,500,36.0,male,happy,3.874825954437256,-6.8753252029418945,3.3033180236816406,0
495,501,40.0,male,happy,-0.29718631505966187,-4.0678863525390625,3.5418052673339844,0
496,502,38.0,male,neutral,5.685725212097168,-9.189765930175781,3.6725387573242188,0
497,503,37.0,male,happy,5.656011581420898,-8.332466125488281,3.1492834091186523,0
498,504,37.0,male,neutral,4.456821441650391,-9.283929824829102,2.8079328536987305,0
499,505,39.0,male,happy,2.576712131500244,-3.478440284729004,2.7531566619873047,0
500,506,37.0,male,happy,4.721109390258789,-7.761963367462158,3.637458324432373,0
501,507,36.0,male,neutral,8.982525825500488,-7.0915398597717285,4.788647174835205,0
502,508,37.0,male,neutral,7.758321762084961,-10.072999954223633,3.4210948944091797,0
503,509,41.0,male,happy,5.910768032073975,-3.5836596488952637,4.94112491607666,0
504,510,41.0,male,neutral,9.337287902832031,-11.25179672241211,4.698718070983887,0
505,511,40.0,male,happy,4.5993499755859375,-4.049834251403809,4.184880256652832,0
506,512,40.0,male,happy,10.330941200256348,-7.649324893951416,3.351864814758301,0
507,513,38.0,male,happy,6.756065368652344,-9.50528621673584,2.6420698165893555,0
508,514,37.0,male,happy,7.006431579589844,-9.876138687133789,3.929905891418457,0
509,515,40.0,male,happy,7.211373329162598,-4.077538967132568,5.011996269226074,0
510,516,39.0,male,neutral,6.3157958984375,-10.818883895874023,3.6675567626953125,0
511,517,38.0,male,happy,7.975770950317383,-3.4010610580444336,4.176333427429199,0
512,518,41.0,male,neutral,12.254904747009277,-9.239019393920898,3.2743730545043945,0
513,519,39.0,male,happy,3.3483004570007324,-9.867854118347168,2.9018774032592773,0
514,520,38.0,male,neutral,7.417483806610107,-9.488604545593262,2.2602596282958984,0
515,521,41.0,male,happy,5.412138938903809,-2.9486002922058105,4.257517337799072,0
516,522,40.0,male,happy,3.0406482219696045,-3.23220157623291,3.1109542846679688,0
517,523,40.0,male,happy,3.655792713165283,-4.787230968475342,3.9392614364624023,0
518,524,42.0,male,happy,1.7242608070373535,-5.284018516540527,3.2840828895568848,0
519,525,41.0,male,neutral,9.870551109313965,-5.371440410614014,2.9487857818603516,0
520,526,38.0,male,neutral,9.593729019165039,-9.278959274291992,2.7292184829711914,0
521,527,37.0,male,neutral,4.451300621032715,-8.262954711914062,2.2156424522399902,0
522,528,38.0,male,happy,5.583432674407959,-4.03298807144165,4.74226188659668,0
523,529,41.0,male,happy,2.862119436264038,-5.267363548278809,2.4578723907470703,0
524,530,38.0,male,happy,2.0987632274627686,-3.003289222717285,3.1419143676757812,0
525,531,41.0,male,happy,2.838503837585449,-5.858535289764404,4.211820602416992,0
526,532,41.0,male,happy,2.110347270965576,-3.8336994647979736,2.816103935241699,0
527,533,41.0,male,happy,2.015639543533325,-4.528984069824219,4.759054183959961,0
528,534,41.0,male,happy,7.320280075073242,-2.3057756423950195,3.224297523498535,0
529,535,39.0,male,neutral,2.9920995235443115,-9.927471160888672,1.4822373390197754,0
530,536,39.0,male,happy,2.394659996032715,-2.572643280029297,3.117527961730957,0
531,537,37.0,male,neutral,3.956212043762207,-9.164093017578125,2.700873374938965,0
532,538,37.0,male,neutral,9.801765441894531,-8.497307777404785,1.3743267059326172,0
533,539,35.0,male,neutral,-1.577671766281128,-7.883861541748047,2.9083333015441895,0
534,540,38.0,male,happy,5.752485275268555,-6.804768085479736,2.2902088165283203,0
535,541,36.0,male,happy,6.809964656829834,-5.893333435058594,2.76971435546875,0
536,542,36.0,male,neutral,7.676286220550537,-8.602115631103516,1.823298454284668,0
537,543,37.0,male,happy,3.3007333278656006,-7.526503562927246,2.9308528900146484,0
538,544,37.0,male,neutral,9.225076675415039,-8.298003196716309,2.4994630813598633,0
539,545,37.0,male,happy,-3.7902255058288574,-10.024736404418945,2.9843969345092773,0
540,546,37.0,male,happy,1.2041597366333008,-6.88814640045166,0.6723239421844482,0
541,547,38.0,male,neutral,6.493937969207764,-9.867351531982422,1.7761354446411133,0
542,548,37.0,male,neutral,7.678115367889404,-7.68029260635376,0.670046329498291,0
543,549,37.0,male,happy,1.199177622795105,-6.2086100578308105,1.5053138732910156,0
544,550,39.0,male,happy,1.6552144289016724,-8.38326644897461,3.977186679840088,0
545,551,37.0,male,neutral,9.0820894241333,-5.442888259887695,5.421659469604492,0
546,552,37.0,male,happy,3.585223913192749,-6.705050945281982,1.641273021697998,0
547,553,37.0,male,happy,3.3718111515045166,-7.481057167053223,1.9217214584350586,0
548,554,40.0,male,happy,6.90039587020874,-10.314897537231445,3.7545270919799805,0
549,555,38.0,male,neutral,3.636167526245117,-12.606499671936035,1.742086410522461,0
550,556,39.0,male,neutral,0.8537299633026123,-13.55124282836914,1.6519746780395508,0
551,557,40.0,male,neutral,4.50972843170166,-11.548408508300781,1.7845735549926758,0
552,558,38.0,male,happy,4.779653072357178,-10.345800399780273,0.8123936653137207,0
553,559,39.0,male,neutral,6.700566291809082,-10.978609085083008,2.1854639053344727,0
554,560,38.0,male,happy,2.025331497192383,-9.000528335571289,1.1486759185791016,0
555,561,40.0,male,happy,0.10680699348449707,-8.089252471923828,3.039356231689453,0
556,562,37.0,male,happy,1.594156265258789,-8.302387237548828,1.9755220413208008,0
557,563,37.0,male,happy,1.798288106918335,-7.885597229003906,1.5964584350585938,0
558,564,39.0,male,happy,3.4629340171813965,-9.099671363830566,3.257411479949951,0
559,565,38.0,male,happy,7.382047653198242,-7.352520942687988,2.454845428466797,0
560,566,37.0,male,happy,7.875007629394531,-8.759139060974121,1.3662505149841309,0
561,567,37.0,male,happy,4.09229850769043,-6.717074394226074,2.1163582801818848,0
562,568,38.0,male,neutral,8.653152465820312,-7.89244270324707,1.4837064743041992,0
563,569,38.0,male,happy,1.9947187900543213,-8.783819198608398,1.5958514213562012,0
564,570,38.0,male,happy,3.7080516815185547,-11.514326095581055,1.4065370559692383,0
565,571,37.0,male,happy,-0.5810706615447998,-7.846634864807129,3.5989317893981934,0
566,572,36.0,male,happy,4.0963640213012695,-7.942747116088867,1.89190673828125,0
567,573,38.0,male,neutral,7.235918998718262,-7.075127124786377,2.270251750946045,0
568,574,37.0,male,happy,5.228323936462402,-5.735726833343506,3.5984344482421875,0
569,575,37.0,male,happy,2.8700380325317383,-7.467809677124023,2.901826858520508,0
570,576,39.0,male,happy,3.562861442565918,-13.461141586303711,2.5473756790161133,0
571,577,39.0,male,happy,2.1574668884277344,-11.158880233764648,1.0770158767700195,0
572,578,38.0,male,happy,4.279745101928711,-11.661849021911621,1.7893075942993164,0
573,579,35.0,male,happy,2.5284948348999023,-6.376816749572754,4.169037342071533,0
574,580,37.0,male,happy,3.6735100746154785,-7.757204055786133,2.4713525772094727,0
575,581,40.0,male,happy,1.6162729263305664,-9.92262077331543,3.444338798522949,0
576,582,39.0,male,happy,1.8555798530578613,-11.897625923156738,0.965113639831543,0
577,583,39.0,male,happy,1.2143921852111816,-11.832132339477539,1.264425277709961,0
578,584,40.0,male,happy,6.895759582519531,-11.231767654418945,0.5440669059753418,0
579,585,37.0,male,happy,6.666975021362305,-6.298606872558594,3.650662899017334,0
580,586,38.0,male,happy,4.158418655395508,-10.418412208557129,1.8712196350097656,0
581,587,37.0,male,happy,2.834610939025879,-8.666339874267578,1.8885555267333984,0
582,588,36.0,male,happy,2.7777962684631348,-10.471480369567871,2.417041778564453,0
583,589,37.0,male,happy,5.563431739807129,-7.579194068908691,3.0789613723754883,0
584,590,38.0,male,neutral,3.5001373291015625,-10.24732494354248,4.053907871246338,0
585,591,41.0,male,happy,4.773186683654785,-7.827557563781738,0.614710807800293,0
586,592,38.0,male,happy,6.42376708984375,-9.101794242858887,1.9551501274108887,0
587,593,37.0,male,happy,3.4060263633728027,-11.130287170410156,2.8880653381347656,0
588,594,37.0,male,happy,1.2740554809570312,-10.20677375793457,2.9306039810180664,0
589,595,39.0,male,happy,3.1068508625030518,-10.302309036254883,2.1129555702209473,0
590,596,37.0,male,happy,4.048510551452637,-9.829551696777344,1.5927553176879883,0
591,597,39.0,male,happy,7.882952690124512,-10.952305793762207,2.4788293838500977,0
592,598,37.0,male,happy,2.141599655151367,-9.683721542358398,1.618710994720459,0
593,599,40.0,male,happy,4.006217002868652,-11.433212280273438,0.7227342128753662,0
594,600,39.0,male,happy,-2.4402074813842773,-14.703304290771484,1.3640470504760742,0
595,601,40.0,male,happy,2.767610549926758,-10.074783325195312,2.471317768096924,0
596,602,37.0,male,happy,6.957644462585449,-9.240022659301758,2.0759201049804688,0
597,603,37.0,male,happy,1.6356072425842285,-9.326961517333984,1.4986014366149902,0
598,604,39.0,male,happy,7.513880729675293,-9.529870986938477,1.9269323348999023,0
599,605,40.0,male,happy,3.156111717224121,-13.285625457763672,2.963616371154785,0
600,606,40.0,male,happy,2.1075334548950195,-12.65550708770752,1.3680734634399414,0
601,607,39.0,male,happy,3.31942081451416,-10.453393936157227,2.576017379760742,0
602,608,38.0,male,happy,7.495733261108398,-11.656255722045898,2.1720762252807617,0
603,609,39.0,male,happy,3.0436108112335205,-12.1869535446167,1.6563811302185059,0
604,610,38.0,male,happy,1.1783313751220703,-10.455428123474121,1.3100500106811523,0
605,611,41.0,male,happy,4.312448024749756,-9.232202529907227,1.2159862518310547,0
606,612,37.0,male,happy,6.932854175567627,-12.601205825805664,1.9909892082214355,0
607,613,39.0,male,happy,2.8239550590515137,-7.472139358520508,2.1666059494018555,0
608,614,40.0,male,happy,-0.21522510051727295,-8.753171920776367,2.7394704818725586,0
609,615,39.0,male,happy,4.632932662963867,-11.031076431274414,1.2526168823242188,0
610,616,39.0,male,happy,4.605716228485107,-11.932984352111816,1.324148178100586,0
611,617,37.0,male,happy,0.850092887878418,-10.375568389892578,1.036839485168457,0
612,618,41.0,male,happy,-4.006717681884766,-15.987151145935059,4.137005805969238,0
613,619,39.0,male,happy,1.7897814512252808,-12.084096908569336,1.898085117340088,0
614,620,38.0,male,neutral,2.656014919281006,-10.985496520996094,1.6521735191345215,0
615,621,38.0,male,happy,2.818120002746582,-12.835949897766113,1.319864273071289,0
616,622,39.0,male,happy,2.089954376220703,-14.919763565063477,1.8842744827270508,0
617,623,40.0,male,happy,-0.20231038331985474,-2.941070795059204,3.040287494659424,0
618,624,40.0,male,happy,-1.3418340682983398,-8.286504745483398,3.456974506378174,0
619,625,39.0,male,happy,-4.6287760734558105,-10.935365676879883,4.14650821685791,0
620,626,39.0,male,happy,4.250143051147461,-4.869481086730957,3.953557014465332,0
621,627,39.0,male,happy,-0.2617760896682739,-7.4112162590026855,1.4666061401367188,0
622,628,40.0,male,happy,4.896538257598877,-3.4618940353393555,4.650475025177002,0
623,629,39.0,male,happy,2.288855791091919,-2.4156177043914795,2.8312482833862305,0
624,630,39.0,male,happy,1.1826932430267334,-5.835545063018799,2.2930784225463867,0
625,631,39.0,male,happy,0.5167052745819092,-6.805821418762207,5.266349792480469,0
626,632,41.0,male,happy,-3.515324592590332,-6.077049255371094,4.658769130706787,0
627,633,41.0,male,happy,1.0649464130401611,-4.769618034362793,5.1819000244140625,0
628,634,41.0,male,happy,-3.200103998184204,-7.737398147583008,3.619828224182129,0
629,635,39.0,male,happy,1.6158720254898071,-5.737030982971191,4.704263210296631,0
630,636,41.0,male,happy,-0.9011510610580444,-7.318587303161621,3.7731475830078125,0
631,637,40.0,male,happy,-0.4696916341781616,-8.371261596679688,3.758530616760254,0
632,638,40.0,male,happy,2.4687068462371826,-4.926510810852051,5.7294921875,0
633,639,40.0,male,happy,3.676701307296753,-5.595261573791504,3.0254220962524414,0
634,640,39.0,male,happy,1.3717286586761475,-8.081388473510742,3.033353805541992,0
635,641,39.0,male,happy,5.024139881134033,-5.761167526245117,3.9217300415039062,0
636,642,41.0,male,happy,-0.8309915065765381,-5.006522178649902,3.0934438705444336,0
637,643,40.0,male,happy,4.256540298461914,-3.4968864917755127,3.9289016723632812,0
638,644,40.0,male,happy,-0.15229284763336182,-5.949301242828369,4.6052021980285645,0
639,645,40.0,male,happy,1.6629692316055298,-12.86083984375,2.5629053115844727,0
640,646,39.0,male,happy,3.8046326637268066,-6.591005325317383,4.001400947570801,0
641,647,40.0,male,happy,-0.29013240337371826,-8.009122848510742,3.6737279891967773,0
642,648,39.0,male,happy,5.119783401489258,-11.269952774047852,2.126087188720703,0
643,649,40.0,male,happy,2.6372714042663574,-8.499654769897461,3.6498260498046875,0
644,650,40.0,male,happy,1.7017029523849487,-7.667313575744629,4.294802665710449,0
645,651,40.0,male,happy,3.3811731338500977,-4.701740741729736,2.552659034729004,0
646,652,40.0,male,happy,2.6093006134033203,-4.986218452453613,3.624537467956543,0
647,653,39.0,male,happy,-2.08738112449646,-5.449090957641602,5.5690155029296875,0
648,654,39.0,male,happy,4.323761940002441,-7.870558738708496,3.1003007888793945,0
649,655,39.0,male,happy,5.572120666503906,-2.805166721343994,3.865241050720215,0
650,656,38.0,male,happy,1.8311488628387451,-12.021772384643555,2.801842212677002,0
651,657,40.0,male,happy,1.0841805934906006,-5.132145404815674,4.511163711547852,0
652,658,39.0,male,happy,2.338526964187622,-5.833308219909668,3.280663013458252,0
653,659,39.0,male,happy,4.74002742767334,-5.916484355926514,4.798659324645996,0
654,660,41.0,male,happy,2.858527660369873,-5.662067413330078,4.348420143127441,0
655,661,40.0,male,happy,-1.5333561897277832,-7.510068893432617,4.370561122894287,0
656,662,40.0,male,happy,4.327783584594727,-6.083212375640869,3.588608741760254,0
657,663,41.0,male,happy,0.4726765751838684,-5.614087104797363,4.239439010620117,0
658,664,40.0,male,happy,1.9317559003829956,-3.6789169311523438,3.6431198120117188,0
659,665,39.0,male,happy,2.9155924320220947,-5.8067307472229,3.2171764373779297,0
660,666,39.0,male,happy,4.939916610717773,-5.0807671546936035,3.992764472961426,0
661,667,40.0,male,happy,-1.832153081893921,-8.828767776489258,2.6716432571411133,0
662,668,39.0,male,happy,1.7206894159317017,-3.8979029655456543,3.5875444412231445,0
663,669,41.0,male,happy,-1.0481035709381104,-4.994193077087402,4.040927410125732,0
664,670,40.0,male,happy,2.2440783977508545,-4.151045799255371,3.4485244750976562,0
665,671,39.0,male,happy,2.6054635047912598,-0.6826670169830322,5.267488479614258,0
666,672,40.0,male,happy,3.23370361328125,-6.390207290649414,4.735369682312012,0
667,673,37.0,male,happy,1.135838508605957,-4.189842700958252,3.8498754501342773,0
668,674,40.0,male,happy,2.190485954284668,-3.216171979904175,4.906711578369141,0
669,675,40.0,male,happy,-1.2218494415283203,-5.814244270324707,5.234844207763672,0
670,676,40.0,male,happy,0.8680799007415771,-8.071130752563477,4.942060470581055,0
671,677,39.0,male,happy,-1.7857766151428223,-7.999810218811035,7.055656433105469,0
672,678,38.0,male,happy,4.203219413757324,-4.812277793884277,4.504055500030518,0
673,679,41.0,male,happy,2.0224978923797607,-8.077802658081055,4.336268901824951,0
674,680,38.0,male,happy,9.175788879394531,0.5919673442840576,6.942230224609375,0
675,681,37.0,male,happy,4.17310094833374,-3.677051544189453,4.733079433441162,0
676,682,39.0,male,happy,1.3953335285186768,-11.941393852233887,-3.616795063018799,0
677,683,30.0,male,happy,-10.317569732666016,-16.273548126220703,-1.308330774307251,0
678,684,30.0,male,happy,-8.611842155456543,-29.378753662109375,-0.9793534278869629,0
679,685,25.0,male,neutral,2.3432977199554443,-32.25007629394531,-7.636197090148926,0
680,686,23.0,male,neutral,-20.082454681396484,-27.749696731567383,-12.90462875366211,0
681,687,31.0,female,neutral,-17.202444076538086,3.8957395553588867,-7.77584171295166,0
682,688,37.0,male,neutral,0.3142174482345581,18.412879943847656,-0.25302553176879883,0
683,689,35.0,male,neutral,-8.319570541381836,-19.927751541137695,-10.941856384277344,0
684,690,35.0,male,sad,-7.220577239990234,-14.318753242492676,-8.506423950195312,0
685,691,36.0,male,sad,-2.708488941192627,-14.948348045349121,-3.8144779205322266,0
686,692,29.0,male,neutral,-11.220681190490723,-9.478840827941895,-8.160696983337402,0
687,693,30.0,male,neutral,-9.259324073791504,-10.992382049560547,-1.66471266746521,0
688,694,28.0,male,neutral,-7.765326499938965,-14.779040336608887,-0.05448436737060547,0
689,695,28.0,male,neutral,-10.100168228149414,-8.59779167175293,5.380542755126953,1
690,696,30.0,male,neutral,-14.98654556274414,-11.626930236816406,-0.1509408950805664,1
691,697,29.0,male,neutral,-12.406079292297363,-14.816798210144043,-0.8319778442382812,1
692,698,28.0,male,neutral,-7.970449447631836,-10.938583374023438,-5.600956439971924,1
693,699,30.0,male,neutral,-5.523253917694092,-15.252141952514648,-2.787201404571533,1
694,700,31.0,male,neutral,-0.5734355449676514,-10.595569610595703,-2.844860076904297,1
695,701,30.0,male,neutral,0.25182271003723145,-10.109453201293945,-0.9893603324890137,1
696,702,29.0,male,neutral,-7.249284744262695,-17.23877716064453,-7.277377605438232,1
697,703,30.0,male,neutral,1.547537088394165,-15.400117874145508,-2.8280715942382812,1
698,704,28.0,male,neutral,-6.9036865234375,-16.206851959228516,-0.9586138725280762,1
699,705,34.0,male,neutral,-2.9038729667663574,-13.767559051513672,1.2102508544921875,1
700,706,33.0,male,neutral,-1.9764528274536133,-19.74899673461914,-1.619828462600708,1
701,707,32.0,male,neutral,-4.527113437652588,-22.311908721923828,-1.5075669288635254,1
702,708,33.0,male,neutral,-0.39982712268829346,-21.86300277709961,-0.1788020133972168,1
703,709,29.0,male,neutral,-6.440561771392822,-22.845640182495117,-3.3827786445617676,1
704,710,30.0,male,neutral,-5.033003807067871,-22.608570098876953,-0.018999576568603516,1
705,711,33.0,male,neutral,-4.787981033325195,-24.172462463378906,0.5325887203216553,1
706,712,32.0,male,neutral,-2.539001941680908,-25.70197105407715,0.7116036415100098,1
707,713,36.0,male,neutral,1.0503017902374268,-23.181873321533203,-4.068860054016113,1
708,714,29.0,male,neutral,-10.086591720581055,-21.118013381958008,-7.806091785430908,1
709,715,33.0,male,neutral,-3.6544437408447266,-19.444978713989258,-0.397794246673584,1
710,716,34.0,male,neutral,-6.4213480949401855,-22.235580444335938,2.4399776458740234,0
711,717,33.0,male,neutral,-5.795808792114258,-16.411361694335938,4.856057167053223,0
712,718,38.0,male,neutral,-7.550102233886719,-14.66606330871582,7.389467239379883,0
713,719,38.0,male,neutral,-5.856792449951172,-17.492794036865234,6.251958847045898,0
714,720,39.0,male,neutral,-7.1493940353393555,-26.409194946289062,5.928056716918945,0
715,721,31.0,male,neutral,-11.14816665649414,-13.879281997680664,4.761497974395752,0
716,722,34.0,male,neutral,-2.94840407371521,-11.790847778320312,7.069758415222168,0
717,723,42.0,male,neutral,-6.527553558349609,-17.16376304626465,2.6892881393432617,0
718,724,35.0,male,neutral,-3.867603302001953,-17.57839584350586,2.5400028228759766,0
719,725,31.0,male,neutral,-3.2761683464050293,-7.204488754272461,10.061487197875977,0
